{"1": "\u0001", "2": " ", "3": "a", "4": "e", "5": "o", "6": "s", "7": "i", "8": "r", "9": "m", "10": "u", "11": "n", "12": "d", "13": "t", "14": "c", "15": "l", "16": ",", "17": "p", "18": "v", "19": "h", "20": ".", "21": "q", "22": "g", "23": "b", "24": "f", "25": "ã", "26": "-", "27": ";", "28": "z", "29": "ç", "30": "é", "31": "á", "32": "j", "33": "x", "34": "—", "35": "!", "36": "ó", "37": "?", "38": ":", "39": "ê", "40": "y", "41": "'", "42": "õ", "43": "ô", "44": "\"", "45": "1", "46": "í", "47": "*", "48": ")", "49": "(", "50": "8", "51": "ú", "52": "4", "53": "k", "54": "3", "55": "5", "56": "2", "57": "w", "58": "è", "59": "â", "60": "6", "61": "9", "62": "æ", "63": "0", "64": "7", "65": "ñ", "66": "°"}