{"\u0001": 1, " ": 2, "a": 3, "e": 4, "o": 5, "s": 6, "i": 7, "r": 8, "m": 9, "u": 10, "n": 11, "d": 12, "t": 13, "c": 14, "l": 15, ",": 16, "p": 17, "v": 18, "h": 19, ".": 20, "q": 21, "g": 22, "b": 23, "f": 24, "ã": 25, "-": 26, ";": 27, "z": 28, "ç": 29, "é": 30, "á": 31, "j": 32, "x": 33, "—": 34, "!": 35, "ó": 36, "?": 37, ":": 38, "ê": 39, "y": 40, "'": 41, "õ": 42, "ô": 43, "\"": 44, "1": 45, "í": 46, "*": 47, ")": 48, "(": 49, "8": 50, "ú": 51, "4": 52, "k": 53, "3": 54, "5": 55, "2": 56, "w": 57, "è": 58, "â": 59, "6": 60, "9": 61, "æ": 62, "0": 63, "7": 64, "ñ": 65, "°": 66}