{"\u0001": 1, " ": 2, "a": 3, "e": 4, "o": 5, "s": 6, "i": 7, "r": 8, "m": 9, "u": 10, "n": 11, "d": 12, "t": 13, "c": 14, "l": 15, "p": 16, ",": 17, "v": 18, "h": 19, ".": 20, "g": 21, "q": 22, "b": 23, "ã": 24, "f": 25, "-": 26, ";": 27, "z": 28, "ç": 29, "é": 30, "á": 31, "j": 32, "x": 33, "!": 34, "—": 35, "?": 36, "ó": 37, "ê": 38, ":": 39, "y": 40, "õ": 41, "ô": 42, "'": 43, "\"": 44, "í": 45, "1": 46, "*": 47, ")": 48, "ú": 49, "(": 50, "8": 51, "4": 52, "k": 53, "2": 54, "3": 55, "â": 56, "è": 57, "5": 58, "0": 59, "w": 60, "°": 61, "6": 62, "9": 63, "7": 64, "ñ": 65, "æ": 66}