{"1": "\u0001", "2": " ", "3": "a", "4": "e", "5": "o", "6": "s", "7": "i", "8": "r", "9": "m", "10": "u", "11": "n", "12": "d", "13": "t", "14": "c", "15": "l", "16": "p", "17": ",", "18": "v", "19": "h", "20": ".", "21": "g", "22": "q", "23": "b", "24": "ã", "25": "f", "26": "-", "27": ";", "28": "z", "29": "ç", "30": "é", "31": "á", "32": "j", "33": "x", "34": "!", "35": "—", "36": "?", "37": "ó", "38": "ê", "39": ":", "40": "y", "41": "õ", "42": "ô", "43": "'", "44": "\"", "45": "í", "46": "1", "47": "*", "48": ")", "49": "ú", "50": "(", "51": "8", "52": "4", "53": "k", "54": "2", "55": "3", "56": "â", "57": "è", "58": "5", "59": "0", "60": "w", "61": "°", "62": "6", "63": "9", "64": "7", "65": "ñ", "66": "æ"}